3497077768,beauty in nature,black background,centaurea montana,close-up,cornflower,fragility,freshness,no people,overhead view,petal,photography,plant,single flower,square,stamen,studio shot,flower head
7255597040,animal themes,built structure,close-up,colour image,day,domestic animals,focus on foreground,grass,lighthouse,netherlands,no people,one animal,outdoors,photography,plant,sheepdog,sky,old english sheepdog,pets
4460383496,animal themes,animals in the wild,colour image,day,fog,netherlands,no people,one animal,outdoors,photography,plant,scenics,shadow,sunbeam,tree,wildlife,deer,forest,wood
5501916352,blonde hair,casual,caucasian appearance,childhood,colour image,day,focus on foreground,head and shoulders,holding,looking at camera,mouth open,netherlands,one person,outdoors,people,photography,screaming,square,8-9 years,blue eyes,child,children only,digital tablet,front view,one girl only,shouting,technology,trapped,wireless technology
6962451646,colour image,euphorbiaceae,flower,focus on foreground,fragility,freshness,germany,no people,outdoors,petal,photography,red,square,frankfurt - main,leaf
4606594973,building exterior,clear sky,colour image,day,germany,history,no people,outdoors,photography,reflection,sunny,tranquil scene,travel destinations,tree,pond,saxony,standing water,symmetry
8609534738,beauty in nature,colour image,day,flower,freshness,germany,grass,no people,outdoors,photography,plant,reflection,scenics,tranquil scene,tree,multi coloured,standing water
5601864345,adult,adults only,beach,cloud,colour image,day,distant,germany,one man only,one person,outdoors,people,photography,recreational pursuit,sand,sky,transportation,adventure,leisure,novelty vehicle
6583459523,animal representation,built structure,colour image,day,december,focus on foreground,gate,green,netherlands,no people,outdoors,photography,tranquility,guarding
3728596392,alley,building exterior,capital cities,city,city life,clear sky,colour image,day,dome,in a row,no people,outdoors,photography,travel destinations,window,czech republic,multi coloured,national landmark
5645944509,built structure,cloud,colour image,cultures,day,elevated view,house,in a row,netherlands,no people,outdoors,photography,sea,sky,sunny,tranquility,transfer print,travel destinations,tree,crowded,roof,town
6038465725,berlin cathedral,bridge,building exterior,capital cities,christianity,city,cloud,colour image,dome,dusk,germany,history,nautical vessel,no people,outdoors,photography,railings,reflection,river,river spree,sky,transportation,travel destinations,tree
2256297716,beauty in nature,city,colour image,distant,germany,no people,outdoors,photography,plant,reflection,riverbank,scenics,sunset,tranquility,dresden - germany,river elbe,saxony
8060041729,conflict,netherlands
4098888836,autumn,red,tree,leaf
4669007088,colour image,day,empty road,germany,green,landscape,no people,outdoors,photography,plant,road,scenics,sky,tranquil scene,transportation,curve,empty,horizon over land,rhineland-palatinate
3297337282,cold,day,germany,no people,outdoors,photography,shadow,snow,tranquil scene,travel destinations,tree,white,apple tree,frozen,ice
6709238675,autumn,beauty in nature,colour image,dawn,fog,germany,hill range,landscape,no people,non urban scene,outdoors,photography,scenics,sky,sunrise,tranquility,elbsandstein mountains,saxony
1107785346,colour image,day,field,fog,landscape,netherlands,no people,outdoors,photography,dirt track,gelderland,single tree,the way forward
2253723542,child,swimming
4490899335,beach,colour image,day,germany,horizon over water,no people,outdoors,photography,sand,shadow,sky,sunlight,swing,travel destinations
7107467545,cloud,cloudscape,colour image,dusk,germany,hill,landscape,no people,outdoors,photography,scenics,sky,tranquil scene,lower saxony
2740325022,field,germany,hay,no people,outdoors,photography,scenics,sunset,tranquil scene,bale,dramatic sky,harvesting,panoramic,rural scene,two objects
2288390262,captive animals,colour image,looking at camera,no people,one animal,photography,rock,studio shot,waist up,pets,sitting
8087681430,day,germany,noise,politics
5829342747,colour image,day,decline,germany,indoors,no people,photography,window,abandoned,brick wall,home interior,living room
4086444074,beauty in nature,colour image,fog,germany,landscape,no people,outdoors,photography,plant,sunlight,sunrise,tranquil scene,tree,north rhine westphalia,romantic sky
5929859765,close-up,colour image,elevated view,fish,four objects,freshness,germany,indoors,indulgence,no people,photography,red onion,seafood,slice,fried,german culture,german food,herb,lemon,north rhine westphalia,ready to eat,tomato
5547951108,building exterior,colour image,day,netherlands,no people,office block,outdoors,photography,sky,skyscraper,travel destinations,glass,upward view
4237153565,autumn,beauty in nature,cloudscape,colour image,germany,lake,no people,outdoors,photography,reflection,scenics,sunlight,sunset,tranquil scene,dramatic sky,forest,marina,wood
